<x:xmpmeta tsc:version="2.0.1" xmlns:x="adobe:ns:meta/" xmlns:tsc="http://www.techsmith.com/xmp/tsc/">
   <rdf:RDF xmlns:rdf="http://www.w3.org/1999/02/22-rdf-syntax-ns#" xmlns:xmp="http://ns.adobe.com/xap/1.0/" xmlns:xmpDM="http://ns.adobe.com/xmp/1.0/DynamicMedia/" xmlns:xmpG="http://ns.adobe.com/xap/1.0/g/" xmlns:xmpMM="http://ns.adobe.com/xap/1.0/mm/" xmlns:tscDM="http://www.techsmith.com/xmp/tscDM/" xmlns:tscIQ="http://www.techsmith.com/xmp/tscIQ/" xmlns:tscHS="http://www.techsmith.com/xmp/tscHS/" xmlns:stDim="http://ns.adobe.com/xap/1.0/sType/Dimensions#" xmlns:stFnt="http://ns.adobe.com/xap/1.0/sType/Font#" xmlns:exif="http://ns.adobe.com/exif/1.0" xmlns:dc="http://purl.org/dc/elements/1.1/">
      <rdf:Description dc:date="2024-12-17 01:38:20 PM" dc:source="Camtasia,21.0.11,enu" dc:title="module13_3.1" tscDM:firstFrame="module13_3.1_First_Frame.png" tscDM:originId="2D7B8636-3B64-4FBA-AD3C-C6FCBDD791C7" tscDM:project="module13_3.1">
         <xmpDM:duration xmpDM:scale="1/1000" xmpDM:value="228200"/>
         <xmpDM:videoFrameSize stDim:unit="pixel" stDim:h="590" stDim:w="1048"/>
         <tsc:langName>
            <rdf:Bag>
               <rdf:li xml:lang="en-US">English</rdf:li></rdf:Bag>
         </tsc:langName>
         <xmpDM:Tracks>
            <rdf:Bag>
               <rdf:li>
                  <rdf:Description xmpDM:trackType="Caption" xmpDM:frameRate="f1000" xmpDM:trackName="Captioning" stFnt:fontFamily="Arial" tscDM:fontSize="30" tscDM:bgOpacity="0.750000" tscDM:position="overlay">
                     <xmpDM:markers>
                        <rdf:Seq>
                           <rdf:li><rdf:Description xmpDM:duration="6000" xmpDM:startTime="0" tscDM:valign="bottom" tscDM:halign="center"><xmpDM:name><rdf:Alt><rdf:li xml:lang="en-US">{\rtf1 Các vấn đề khác nhau tùy theo loại, theo bối cảnh và một số biến số khác, nhưng khuôn khổ cơ bản}</rdf:li></rdf:Alt></xmpDM:name></rdf:Description></rdf:li><rdf:li><rdf:Description xmpDM:duration="3000" xmpDM:startTime="6000" tscDM:valign="bottom" tscDM:halign="center"><xmpDM:name><rdf:Alt><rdf:li xml:lang="en-US">{\rtf1 để giải quyết vấn đề vẫn như cũ.}</rdf:li></rdf:Alt></xmpDM:name></rdf:Description></rdf:li><rdf:li><rdf:Description xmpDM:duration="2000" xmpDM:startTime="9000" tscDM:valign="bottom" tscDM:halign="center"><xmpDM:name><rdf:Alt><rdf:li xml:lang="en-US">{\rtf1 Nó bao gồm năm bước.}</rdf:li></rdf:Alt></xmpDM:name></rdf:Description></rdf:li><rdf:li><rdf:Description xmpDM:duration="1000" xmpDM:startTime="11000" tscDM:valign="bottom" tscDM:halign="center"><xmpDM:name><rdf:Alt><rdf:li xml:lang="en-US">{\rtf1 1.}</rdf:li></rdf:Alt></xmpDM:name></rdf:Description></rdf:li><rdf:li><rdf:Description xmpDM:duration="1000" xmpDM:startTime="12000" tscDM:valign="bottom" tscDM:halign="center"><xmpDM:name><rdf:Alt><rdf:li xml:lang="en-US">{\rtf1 Xác định vấn đề.}</rdf:li></rdf:Alt></xmpDM:name></rdf:Description></rdf:li><rdf:li><rdf:Description xmpDM:duration="1000" xmpDM:startTime="13000" tscDM:valign="bottom" tscDM:halign="center"><xmpDM:name><rdf:Alt><rdf:li xml:lang="en-US">{\rtf1 2.}</rdf:li></rdf:Alt></xmpDM:name></rdf:Description></rdf:li><rdf:li><rdf:Description xmpDM:duration="2000" xmpDM:startTime="14000" tscDM:valign="bottom" tscDM:halign="center"><xmpDM:name><rdf:Alt><rdf:li xml:lang="en-US">{\rtf1 Tạo ra các giải pháp thay thế.}</rdf:li></rdf:Alt></xmpDM:name></rdf:Description></rdf:li><rdf:li><rdf:Description xmpDM:duration="1000" xmpDM:startTime="16000" tscDM:valign="bottom" tscDM:halign="center"><xmpDM:name><rdf:Alt><rdf:li xml:lang="en-US">{\rtf1 3.}</rdf:li></rdf:Alt></xmpDM:name></rdf:Description></rdf:li><rdf:li><rdf:Description xmpDM:duration="2000" xmpDM:startTime="17000" tscDM:valign="bottom" tscDM:halign="center"><xmpDM:name><rdf:Alt><rdf:li xml:lang="en-US">{\rtf1 Hãy đưa ra quyết định.}</rdf:li></rdf:Alt></xmpDM:name></rdf:Description></rdf:li><rdf:li><rdf:Description xmpDM:duration="1000" xmpDM:startTime="19000" tscDM:valign="bottom" tscDM:halign="center"><xmpDM:name><rdf:Alt><rdf:li xml:lang="en-US">{\rtf1 4.}</rdf:li></rdf:Alt></xmpDM:name></rdf:Description></rdf:li><rdf:li><rdf:Description xmpDM:duration="1000" xmpDM:startTime="20000" tscDM:valign="bottom" tscDM:halign="center"><xmpDM:name><rdf:Alt><rdf:li xml:lang="en-US">{\rtf1 Thực hiện quyết định.}</rdf:li></rdf:Alt></xmpDM:name></rdf:Description></rdf:li><rdf:li><rdf:Description xmpDM:duration="2000" xmpDM:startTime="21000" tscDM:valign="bottom" tscDM:halign="center"><xmpDM:name><rdf:Alt><rdf:li xml:lang="en-US">{\rtf1 Và 5.}</rdf:li></rdf:Alt></xmpDM:name></rdf:Description></rdf:li><rdf:li><rdf:Description xmpDM:duration="2000" xmpDM:startTime="23000" tscDM:valign="bottom" tscDM:halign="center"><xmpDM:name><rdf:Alt><rdf:li xml:lang="en-US">{\rtf1 Đánh giá kết quả.}</rdf:li></rdf:Alt></xmpDM:name></rdf:Description></rdf:li><rdf:li><rdf:Description xmpDM:duration="2000" xmpDM:startTime="25000" tscDM:valign="bottom" tscDM:halign="center"><xmpDM:name><rdf:Alt><rdf:li xml:lang="en-US">{\rtf1 Bây giờ những bước này có thể có vẻ quen thuộc.}</rdf:li></rdf:Alt></xmpDM:name></rdf:Description></rdf:li><rdf:li><rdf:Description xmpDM:duration="5000" xmpDM:startTime="27000" tscDM:valign="bottom" tscDM:halign="center"><xmpDM:name><rdf:Alt><rdf:li xml:lang="en-US">{\rtf1 Việc thực hiện chúng một cách chiến lược và có chủ đích có thể giúp chúng ta giải quyết các vấn đề cá nhân, giữa các cá nhân,}</rdf:li></rdf:Alt></xmpDM:name></rdf:Description></rdf:li><rdf:li><rdf:Description xmpDM:duration="2000" xmpDM:startTime="32000" tscDM:valign="bottom" tscDM:halign="center"><xmpDM:name><rdf:Alt><rdf:li xml:lang="en-US">{\rtf1 và các vấn đề liên nhóm.}</rdf:li></rdf:Alt></xmpDM:name></rdf:Description></rdf:li><rdf:li><rdf:Description xmpDM:duration="4000" xmpDM:startTime="34000" tscDM:valign="bottom" tscDM:halign="center"><xmpDM:name><rdf:Alt><rdf:li xml:lang="en-US">{\rtf1 Bạn sẽ khám phá các kỹ năng và chiến lược cơ bản mà bạn có thể sử dụng trong từng bước}</rdf:li></rdf:Alt></xmpDM:name></rdf:Description></rdf:li><rdf:li><rdf:Description xmpDM:duration="4000" xmpDM:startTime="38000" tscDM:valign="bottom" tscDM:halign="center"><xmpDM:name><rdf:Alt><rdf:li xml:lang="en-US">{\rtf1 tạo điều kiện thuận lợi cho sự thành công của họ trong suốt thời gian còn lại của học phần.}</rdf:li></rdf:Alt></xmpDM:name></rdf:Description></rdf:li><rdf:li><rdf:Description xmpDM:duration="6000" xmpDM:startTime="42000" tscDM:valign="bottom" tscDM:halign="center"><xmpDM:name><rdf:Alt><rdf:li xml:lang="en-US">{\rtf1 Chọn từng bước để tìm hiểu thêm.}</rdf:li></rdf:Alt></xmpDM:name></rdf:Description></rdf:li><rdf:li><rdf:Description xmpDM:duration="6000" xmpDM:startTime="48000" tscDM:valign="bottom" tscDM:halign="center"><xmpDM:name><rdf:Alt><rdf:li xml:lang="en-US">{\rtf1 Ở bước 1, mục tiêu của bạn là xác định vấn đề từ nhiều góc độ, xác định nhiều}</rdf:li></rdf:Alt></xmpDM:name></rdf:Description></rdf:li><rdf:li><rdf:Description xmpDM:duration="4000" xmpDM:startTime="54000" tscDM:valign="bottom" tscDM:halign="center"><xmpDM:name><rdf:Alt><rdf:li xml:lang="en-US">{\rtf1 quan điểm và xây dựng định nghĩa chung về vấn đề.}</rdf:li></rdf:Alt></xmpDM:name></rdf:Description></rdf:li><rdf:li><rdf:Description xmpDM:duration="4000" xmpDM:startTime="58000" tscDM:valign="bottom" tscDM:halign="center"><xmpDM:name><rdf:Alt><rdf:li xml:lang="en-US">{\rtf1 Để bắt đầu làm rõ vấn đề, trước tiên bạn cần thu thập thông tin, có thể bao gồm}</rdf:li></rdf:Alt></xmpDM:name></rdf:Description></rdf:li><rdf:li><rdf:Description xmpDM:duration="3000" xmpDM:startTime="62000" tscDM:valign="bottom" tscDM:halign="center"><xmpDM:name><rdf:Alt><rdf:li xml:lang="en-US">{\rtf1 dữ liệu và tài nguyên cần thiết.}</rdf:li></rdf:Alt></xmpDM:name></rdf:Description></rdf:li><rdf:li><rdf:Description xmpDM:duration="4000" xmpDM:startTime="65000" tscDM:valign="bottom" tscDM:halign="center"><xmpDM:name><rdf:Alt><rdf:li xml:lang="en-US">{\rtf1 Nó cũng bao gồm việc hiểu được quan điểm của những người khác có liên quan, để bạn có thể làm việc để đạt được}</rdf:li></rdf:Alt></xmpDM:name></rdf:Description></rdf:li><rdf:li><rdf:Description xmpDM:duration="2000" xmpDM:startTime="69000" tscDM:valign="bottom" tscDM:halign="center"><xmpDM:name><rdf:Alt><rdf:li xml:lang="en-US">{\rtf1 để đưa ra định nghĩa thống nhất về vấn đề.}</rdf:li></rdf:Alt></xmpDM:name></rdf:Description></rdf:li><rdf:li><rdf:Description xmpDM:duration="5000" xmpDM:startTime="71000" tscDM:valign="bottom" tscDM:halign="center"><xmpDM:name><rdf:Alt><rdf:li xml:lang="en-US">{\rtf1 Để xác định nên đưa ai vào, hãy xem xét ai bị ảnh hưởng bởi vấn đề và ai có}</rdf:li></rdf:Alt></xmpDM:name></rdf:Description></rdf:li><rdf:li><rdf:Description xmpDM:duration="4000" xmpDM:startTime="76000" tscDM:valign="bottom" tscDM:halign="center"><xmpDM:name><rdf:Alt><rdf:li xml:lang="en-US">{\rtf1 khả năng thực hiện hoặc đưa ra giải pháp.}</rdf:li></rdf:Alt></xmpDM:name></rdf:Description></rdf:li><rdf:li><rdf:Description xmpDM:duration="5000" xmpDM:startTime="80000" tscDM:valign="bottom" tscDM:halign="center"><xmpDM:name><rdf:Alt><rdf:li xml:lang="en-US">{\rtf1 Một chiến lược quan trọng để xác định vấn đề là tiếp nhận và xác định quan điểm xã hội}</rdf:li></rdf:Alt></xmpDM:name></rdf:Description></rdf:li><rdf:li><rdf:Description xmpDM:duration="1000" xmpDM:startTime="85000" tscDM:valign="bottom" tscDM:halign="center"><xmpDM:name><rdf:Alt><rdf:li xml:lang="en-US">{\rtf1 nguyên nhân gốc rễ.}</rdf:li></rdf:Alt></xmpDM:name></rdf:Description></rdf:li><rdf:li><rdf:Description xmpDM:duration="8000" xmpDM:startTime="86000" tscDM:valign="bottom" tscDM:halign="center"><xmpDM:name><rdf:Alt><rdf:li xml:lang="en-US">{\rtf1 Chọn từng mục để tìm hiểu thêm.}</rdf:li></rdf:Alt></xmpDM:name></rdf:Description></rdf:li><rdf:li><rdf:Description xmpDM:duration="4000" xmpDM:startTime="94000" tscDM:valign="bottom" tscDM:halign="center"><xmpDM:name><rdf:Alt><rdf:li xml:lang="en-US">{\rtf1 Bước đầu tiên để giải quyết các vấn đề giữa các cá nhân hoặc toàn trường là đưa mọi người}</rdf:li></rdf:Alt></xmpDM:name></rdf:Description></rdf:li><rdf:li><rdf:Description xmpDM:duration="6000" xmpDM:startTime="98000" tscDM:valign="bottom" tscDM:halign="center"><xmpDM:name><rdf:Alt><rdf:li xml:lang="en-US">{\rtf1 ngồi vào bàn và tìm hiểu quan điểm của nhau về vấn đề và mục tiêu của mỗi người.}</rdf:li></rdf:Alt></xmpDM:name></rdf:Description></rdf:li><rdf:li><rdf:Description xmpDM:duration="5000" xmpDM:startTime="104000" tscDM:valign="bottom" tscDM:halign="center"><xmpDM:name><rdf:Alt><rdf:li xml:lang="en-US">{\rtf1 Việc đưa ra quan điểm có thể khó khăn, đặc biệt là khi bạn tự tin vào vị trí của mình hoặc}</rdf:li></rdf:Alt></xmpDM:name></rdf:Description></rdf:li><rdf:li><rdf:Description xmpDM:duration="2000" xmpDM:startTime="109000" tscDM:valign="bottom" tscDM:halign="center"><xmpDM:name><rdf:Alt><rdf:li xml:lang="en-US">{\rtf1 vẫn có thể hình thành nên quan điểm của bạn.}</rdf:li></rdf:Alt></xmpDM:name></rdf:Description></rdf:li><rdf:li><rdf:Description xmpDM:duration="6000" xmpDM:startTime="111000" tscDM:valign="bottom" tscDM:halign="center"><xmpDM:name><rdf:Alt><rdf:li xml:lang="en-US">{\rtf1 Các yếu tố ảnh hưởng đến việc tiếp nhận quan điểm xã hội bao gồm các đặc điểm của bản thân, chẳng hạn như tuổi tác,}</rdf:li></rdf:Alt></xmpDM:name></rdf:Description></rdf:li><rdf:li><rdf:Description xmpDM:duration="7000" xmpDM:startTime="117000" tscDM:valign="bottom" tscDM:halign="center"><xmpDM:name><rdf:Alt><rdf:li xml:lang="en-US">{\rtf1 giới tính, tính cách, thành kiến, khuynh hướng, trạng thái cảm xúc hiện tại, sức khỏe và hạnh phúc.}</rdf:li></rdf:Alt></xmpDM:name></rdf:Description></rdf:li><rdf:li><rdf:Description xmpDM:duration="3000" xmpDM:startTime="124000" tscDM:valign="bottom" tscDM:halign="center"><xmpDM:name><rdf:Alt><rdf:li xml:lang="en-US">{\rtf1 Trạng thái cảm xúc của quan điểm và người khác.}</rdf:li></rdf:Alt></xmpDM:name></rdf:Description></rdf:li><rdf:li><rdf:Description xmpDM:duration="4000" xmpDM:startTime="127000" tscDM:valign="bottom" tscDM:halign="center"><xmpDM:name><rdf:Alt><rdf:li xml:lang="en-US">{\rtf1 Mối quan hệ với những người khác, ví dụ, sự khác biệt về mức độ thẩm quyền}</rdf:li></rdf:Alt></xmpDM:name></rdf:Description></rdf:li><rdf:li><rdf:Description xmpDM:duration="2000" xmpDM:startTime="131000" tscDM:valign="bottom" tscDM:halign="center"><xmpDM:name><rdf:Alt><rdf:li xml:lang="en-US">{\rtf1 hoặc ảnh hưởng.}</rdf:li></rdf:Alt></xmpDM:name></rdf:Description></rdf:li><rdf:li><rdf:Description xmpDM:duration="5000" xmpDM:startTime="133000" tscDM:valign="bottom" tscDM:halign="center"><xmpDM:name><rdf:Alt><rdf:li xml:lang="en-US">{\rtf1 Kỹ năng xử lý nhận thức, chẳng hạn như khả năng xem xét mọi thứ từ nhiều góc độ khác nhau}</rdf:li></rdf:Alt></xmpDM:name></rdf:Description></rdf:li><rdf:li><rdf:Description xmpDM:duration="3000" xmpDM:startTime="138000" tscDM:valign="bottom" tscDM:halign="center"><xmpDM:name><rdf:Alt><rdf:li xml:lang="en-US">{\rtf1 và bối cảnh của tình huống.}</rdf:li></rdf:Alt></xmpDM:name></rdf:Description></rdf:li><rdf:li><rdf:Description xmpDM:duration="5000" xmpDM:startTime="141000" tscDM:valign="bottom" tscDM:halign="center"><xmpDM:name><rdf:Alt><rdf:li xml:lang="en-US">{\rtf1 Ví dụ, cho dù có sự đau khổ hay áp lực thời gian, hãy lưu ý rằng bạn có thể kiểm soát được}</rdf:li></rdf:Alt></xmpDM:name></rdf:Description></rdf:li><rdf:li><rdf:Description xmpDM:duration="10000" xmpDM:startTime="146000" tscDM:valign="bottom" tscDM:halign="center"><xmpDM:name><rdf:Alt><rdf:li xml:lang="en-US">{\rtf1 một số yếu tố này, nhưng không phải tất cả.}</rdf:li></rdf:Alt></xmpDM:name></rdf:Description></rdf:li><rdf:li><rdf:Description xmpDM:duration="4000" xmpDM:startTime="156000" tscDM:valign="bottom" tscDM:halign="center"><xmpDM:name><rdf:Alt><rdf:li xml:lang="en-US">{\rtf1 Dưới đây là các chiến lược giúp bạn tham gia vào việc nắm bắt quan điểm xã hội khi bạn đang xác định}</rdf:li></rdf:Alt></xmpDM:name></rdf:Description></rdf:li><rdf:li><rdf:Description xmpDM:duration="2000" xmpDM:startTime="160000" tscDM:valign="bottom" tscDM:halign="center"><xmpDM:name><rdf:Alt><rdf:li xml:lang="en-US">{\rtf1 vấn đề.}</rdf:li></rdf:Alt></xmpDM:name></rdf:Description></rdf:li><rdf:li><rdf:Description xmpDM:duration="4000" xmpDM:startTime="162000" tscDM:valign="bottom" tscDM:halign="center"><xmpDM:name><rdf:Alt><rdf:li xml:lang="en-US">{\rtf1 Đối với mỗi điều, hãy quyết định xem đó có phải là điều bạn đã làm tốt trong quá khứ hay không hoặc đó có phải là điều bạn đã làm tốt trong quá khứ hay không.}</rdf:li></rdf:Alt></xmpDM:name></rdf:Description></rdf:li><rdf:li><rdf:Description xmpDM:duration="3000" xmpDM:startTime="166000" tscDM:valign="bottom" tscDM:halign="center"><xmpDM:name><rdf:Alt><rdf:li xml:lang="en-US">{\rtf1 bạn cảm thấy mình có thể cải thiện trong tương lai.}</rdf:li></rdf:Alt></xmpDM:name></rdf:Description></rdf:li><rdf:li><rdf:Description xmpDM:duration="12000" xmpDM:startTime="169000" tscDM:valign="bottom" tscDM:halign="center"><xmpDM:name><rdf:Alt><rdf:li xml:lang="en-US">{\rtf1 Chọn lựa chọn của bạn, sau đó chọn gửi.}</rdf:li></rdf:Alt></xmpDM:name></rdf:Description></rdf:li><rdf:li><rdf:Description xmpDM:duration="6000" xmpDM:startTime="181000" tscDM:valign="bottom" tscDM:halign="center"><xmpDM:name><rdf:Alt><rdf:li xml:lang="en-US">{\rtf1 Ngoài việc nhìn nhận vấn đề theo góc nhìn của riêng mình, bạn cần phải làm rõ vấn đề và nguyên nhân gốc rễ của nó.}</rdf:li></rdf:Alt></xmpDM:name></rdf:Description></rdf:li><rdf:li><rdf:Description xmpDM:duration="5000" xmpDM:startTime="187000" tscDM:valign="bottom" tscDM:halign="center"><xmpDM:name><rdf:Alt><rdf:li xml:lang="en-US">{\rtf1 Để làm được điều này, bạn có thể đặt những câu hỏi cơ bản như vấn đề là gì?}</rdf:li></rdf:Alt></xmpDM:name></rdf:Description></rdf:li><rdf:li><rdf:Description xmpDM:duration="2000" xmpDM:startTime="192000" tscDM:valign="bottom" tscDM:halign="center"><xmpDM:name><rdf:Alt><rdf:li xml:lang="en-US">{\rtf1 Vấn đề xảy ra ở đâu?}</rdf:li></rdf:Alt></xmpDM:name></rdf:Description></rdf:li><rdf:li><rdf:Description xmpDM:duration="2000" xmpDM:startTime="194000" tscDM:valign="bottom" tscDM:halign="center"><xmpDM:name><rdf:Alt><rdf:li xml:lang="en-US">{\rtf1 Sự cố xảy ra khi nào?}</rdf:li></rdf:Alt></xmpDM:name></rdf:Description></rdf:li><rdf:li><rdf:Description xmpDM:duration="1000" xmpDM:startTime="196000" tscDM:valign="bottom" tscDM:halign="center"><xmpDM:name><rdf:Alt><rdf:li xml:lang="en-US">{\rtf1 Ai là người tham gia?}</rdf:li></rdf:Alt></xmpDM:name></rdf:Description></rdf:li><rdf:li><rdf:Description xmpDM:duration="2000" xmpDM:startTime="197000" tscDM:valign="bottom" tscDM:halign="center"><xmpDM:name><rdf:Alt><rdf:li xml:lang="en-US">{\rtf1 Vấn đề này xảy ra thường xuyên như thế nào?}</rdf:li></rdf:Alt></xmpDM:name></rdf:Description></rdf:li><rdf:li><rdf:Description xmpDM:duration="3000" xmpDM:startTime="199000" tscDM:valign="bottom" tscDM:halign="center"><xmpDM:name><rdf:Alt><rdf:li xml:lang="en-US">{\rtf1 Vậy thành công trông như thế nào?}</rdf:li></rdf:Alt></xmpDM:name></rdf:Description></rdf:li><rdf:li><rdf:Description xmpDM:duration="4000" xmpDM:startTime="202000" tscDM:valign="bottom" tscDM:halign="center"><xmpDM:name><rdf:Alt><rdf:li xml:lang="en-US">{\rtf1 Suy ngẫm về xung đột hoặc vấn đề bạn đã chọn ở phần đầu của mô-đun và suy ngẫm}</rdf:li></rdf:Alt></xmpDM:name></rdf:Description></rdf:li><rdf:li><rdf:Description xmpDM:duration="3000" xmpDM:startTime="206000" tscDM:valign="bottom" tscDM:halign="center"><xmpDM:name><rdf:Alt><rdf:li xml:lang="en-US">{\rtf1 về những câu hỏi này theo quan điểm của bạn.}</rdf:li></rdf:Alt></xmpDM:name></rdf:Description></rdf:li><rdf:li><rdf:Description xmpDM:duration="4000" xmpDM:startTime="209000" tscDM:valign="bottom" tscDM:halign="center"><xmpDM:name><rdf:Alt><rdf:li xml:lang="en-US">{\rtf1 Sau đó, hãy nghĩ về cá nhân hoặc những cá nhân khác trong vấn đề này.}</rdf:li></rdf:Alt></xmpDM:name></rdf:Description></rdf:li><rdf:li><rdf:Description xmpDM:duration="2000" xmpDM:startTime="213000" tscDM:valign="bottom" tscDM:halign="center"><xmpDM:name><rdf:Alt><rdf:li xml:lang="en-US">{\rtf1 Bạn nghĩ họ sẽ phản ứng thế nào?}</rdf:li></rdf:Alt></xmpDM:name></rdf:Description></rdf:li><rdf:li><rdf:Description xmpDM:duration="2000" xmpDM:startTime="215000" tscDM:valign="bottom" tscDM:halign="center"><xmpDM:name><rdf:Alt><rdf:li xml:lang="en-US">{\rtf1 Nhập ý tưởng của bạn, sau đó chọn gửi.}</rdf:li></rdf:Alt></xmpDM:name></rdf:Description></rdf:li></rdf:Seq>
                     </xmpDM:markers>
                     <tsc:fgColor xmpG:red="255" xmpG:green="255" xmpG:blue="255"/><tsc:bgColor xmpG:red="0" xmpG:green="0" xmpG:blue="0"/></rdf:Description>
               </rdf:li>
               <rdf:li>
                  <rdf:Description xmpDM:trackType="Quiz" xmpDM:frameRate="f1000" xmpDM:trackName="Quiz" tscIQ:quizGuid="2B17DCDA-0346-439D-A2F6-FC4D2AEAC9EA" tscIQ:authoredEmail="t1QTOAqL6MmO1c0LyeL14HqsN+HfDDrqGqU7D52iTReE55z4RmQdZxJcyUT/bhYLOiozvOoCNnHd
nJDpP1K+0EMeo9XdQ7kH98UuJcPSPjDrh01UaH4oXCHxoTthFutIu34AQopIW5xxPoTEEbsnVE4n
NymPGhSeZ/tmxiQyDa7Yp6YEZ35AH1Z4oTo4rbp8+GVh6UKdgDxJnw3KVlf41/oYm9ISvcP8MPdI
928YZs06VpjDsCkhENObQ/KIu+nientmQrE2critqrjKEd5s6YMDFfol3PdfHGvONlu4iAXvlIiW
Z+bkg9MuB9K8FI6xPZYQnuGyCRE5gQ+ymjPppA==" tscIQ:requireUserId="0" tscIQ:locale="en-US" tscIQ:reportMethod="APIANDSCORM" tscIQ:allowSkipQuiz="0" tscIQ:clientId="E7885279-24D1-4E90-AF2A-EF9A7A4E075B" tscIQ:hideReplay="0" tscIQ:quizHash="eb6b99c4a26efc295a502eeec1c18e03">
                     <xmpDM:markers>
                        <rdf:Seq>
                           <rdf:li><rdf:Description xmpDM:startTime="176267" tscIQ:feedback="1" tscIQ:questionSetName="Quiz 1"><tscIQ:questions><rdf:Seq><rdf:li><rdf:Description tscIQ:type="MC" tscIQ:id="0"><tscIQ:question>Xét suy nghĩ, cảm xúc và nhận thức của người khác bằng cách tưởng tượng mình ở vị trí hoặc tình huống của họ.</tscIQ:question><tscIQ:correctAnswer>1</tscIQ:correctAnswer><tscIQ:answerArray><rdf:Seq><rdf:li><rdf:Description tscIQ:orderId="0"><tscIQ:answer>Đã làm tốt</tscIQ:answer></rdf:Description></rdf:li><rdf:li><rdf:Description tscIQ:orderId="1"><tscIQ:answer>cần cải thiện</tscIQ:answer></rdf:Description></rdf:li></rdf:Seq></tscIQ:answerArray></rdf:Description></rdf:li><rdf:li><rdf:Description tscIQ:type="MC" tscIQ:id="1"><tscIQ:question>Thay vì tìm kiếm thông tin hỗ trợ giả thuyết của bạn, hãy tìm kiếm thông tin mâu thuẫn, hỗ trợ quan điểm đối lập hoặc giảm thiểu định kiến của bạn.</tscIQ:question><tscIQ:correctAnswer>1</tscIQ:correctAnswer><tscIQ:answerArray><rdf:Seq><rdf:li><rdf:Description tscIQ:orderId="0"><tscIQ:answer>Đã làm tốt</tscIQ:answer></rdf:Description></rdf:li><rdf:li><rdf:Description tscIQ:orderId="1"><tscIQ:answer>cần cải thiện</tscIQ:answer></rdf:Description></rdf:li></rdf:Seq></tscIQ:answerArray></rdf:Description></rdf:li><rdf:li><rdf:Description tscIQ:type="MC" tscIQ:id="2"><tscIQ:question>Cân nhắc nhiều hơn những điều hiển nhiên; động não nhiều giả thuyết.</tscIQ:question><tscIQ:correctAnswer>1</tscIQ:correctAnswer><tscIQ:answerArray><rdf:Seq><rdf:li><rdf:Description tscIQ:orderId="0"><tscIQ:answer>Đã làm tốt</tscIQ:answer></rdf:Description></rdf:li><rdf:li><rdf:Description tscIQ:orderId="1"><tscIQ:answer>cần cải thiện</tscIQ:answer></rdf:Description></rdf:li></rdf:Seq></tscIQ:answerArray></rdf:Description></rdf:li><rdf:li><rdf:Description tscIQ:type="MC" tscIQ:id="3"><tscIQ:question>Đối mặt với giả định rằng nhận thức của bạn đại diện cho thực tế (chủ nghĩa hiện thực ngây thơ).</tscIQ:question><tscIQ:correctAnswer>1</tscIQ:correctAnswer><tscIQ:answerArray><rdf:Seq><rdf:li><rdf:Description tscIQ:orderId="0"><tscIQ:answer>Đã làm tốt</tscIQ:answer></rdf:Description></rdf:li><rdf:li><rdf:Description tscIQ:orderId="1"><tscIQ:answer>cần cải thiện</tscIQ:answer></rdf:Description></rdf:li></rdf:Seq></tscIQ:answerArray></rdf:Description></rdf:li><rdf:li><rdf:Description tscIQ:type="MC" tscIQ:id="4"><tscIQ:question>Điều chỉnh cảm xúc của bạn để tham gia hiệu quả hơn vào việc tiếp nhận quan điểm.</tscIQ:question><tscIQ:correctAnswer>1</tscIQ:correctAnswer><tscIQ:answerArray><rdf:Seq><rdf:li><rdf:Description tscIQ:orderId="0"><tscIQ:answer>Đã làm tốt</tscIQ:answer></rdf:Description></rdf:li><rdf:li><rdf:Description tscIQ:orderId="1"><tscIQ:answer>cần cải thiện</tscIQ:answer></rdf:Description></rdf:li></rdf:Seq></tscIQ:answerArray></rdf:Description></rdf:li></rdf:Seq></tscIQ:questions></rdf:Description></rdf:li><rdf:li><rdf:Description xmpDM:startTime="219700" tscIQ:feedback="1" tscIQ:questionSetName="Quiz 2"><tscIQ:questions><rdf:Seq><rdf:li><rdf:Description tscIQ:type="SHORT" tscIQ:id="5"><tscIQ:question>Sử dụng vấn đề trước đây của bạn, hãy xem xét các câu hỏi trước, từ quan điểm của bạn. Sau đó, từ quan điểm của người khác. Nhập ý tưởng của bạn; sau đó chọn Gửi.</tscIQ:question><tscIQ:correctAnswer/><tscIQ:answerArray/></rdf:Description></rdf:li></rdf:Seq></tscIQ:questions></rdf:Description></rdf:li></rdf:Seq>
                     </xmpDM:markers>
                     <tscIQ:QuizParams><rdf:Bag><rdf:li xmpDM:name="txtPrev" xmpDM:value="Previous"/><rdf:li xmpDM:name="txtNext" xmpDM:value="Next"/><rdf:li xmpDM:name="txtAnswerQuestion" xmpDM:value="Take Quiz Now"/><rdf:li xmpDM:name="txtSubmit" xmpDM:value="Submit Answers"/><rdf:li xmpDM:name="txtReview" xmpDM:value="Replay Last Section"/><rdf:li xmpDM:name="txtReviewAnswer" xmpDM:value="View Answers"/><rdf:li xmpDM:name="txtContinue" xmpDM:value="Continue"/></rdf:Bag></tscIQ:QuizParams></rdf:Description>
               </rdf:li>
            </rdf:Bag>
         </xmpDM:Tracks>
         <tscDM:controller>
            <rdf:Description xmpDM:name="tscplayer">
               <tscDM:parameters>
                  <rdf:Bag>
                     <rdf:li xmpDM:name="autohide" xmpDM:value="true"/><rdf:li xmpDM:name="autoplay" xmpDM:value="false"/><rdf:li xmpDM:name="loop" xmpDM:value="false"/><rdf:li xmpDM:name="searchable" xmpDM:value="true"/><rdf:li xmpDM:name="captionsenabled" xmpDM:value="false"/><rdf:li xmpDM:name="sidebarenabled" xmpDM:value="false"/><rdf:li xmpDM:name="unicodeenabled" xmpDM:value="false"/><rdf:li xmpDM:name="backgroundcolor" xmpDM:value="000000"/><rdf:li xmpDM:name="sidebarlocation" xmpDM:value="left"/><rdf:li xmpDM:name="endaction" xmpDM:value="stop"/><rdf:li xmpDM:name="endactionparam" xmpDM:value="true"/><rdf:li xmpDM:name="locale" xmpDM:value="en-US"/></rdf:Bag>
               </tscDM:parameters>
               <tscDM:controllerText>
                  <rdf:Bag>
                  </rdf:Bag>
               </tscDM:controllerText>
            </rdf:Description>
         </tscDM:controller>
         <tscDM:contentList>
            <rdf:Description>
               <tscDM:files>
                  <rdf:Seq>
                     <rdf:li xmpDM:name="0" xmpDM:value="module13_3.1.mp4"/><rdf:li xmpDM:name="1" xmpDM:value="module13_3.1.zip"/><rdf:li xmpDM:name="2" xmpDM:value="module13_3.1_First_Frame.png"/></rdf:Seq>
               </tscDM:files>
            </rdf:Description>
         </tscDM:contentList>
      </rdf:Description>
   </rdf:RDF>
</x:xmpmeta>