<x:xmpmeta tsc:version="2.0.1" xmlns:x="adobe:ns:meta/" xmlns:tsc="http://www.techsmith.com/xmp/tsc/">
   <rdf:RDF xmlns:rdf="http://www.w3.org/1999/02/22-rdf-syntax-ns#" xmlns:xmp="http://ns.adobe.com/xap/1.0/" xmlns:xmpDM="http://ns.adobe.com/xmp/1.0/DynamicMedia/" xmlns:xmpG="http://ns.adobe.com/xap/1.0/g/" xmlns:xmpMM="http://ns.adobe.com/xap/1.0/mm/" xmlns:tscDM="http://www.techsmith.com/xmp/tscDM/" xmlns:tscIQ="http://www.techsmith.com/xmp/tscIQ/" xmlns:tscHS="http://www.techsmith.com/xmp/tscHS/" xmlns:stDim="http://ns.adobe.com/xap/1.0/sType/Dimensions#" xmlns:stFnt="http://ns.adobe.com/xap/1.0/sType/Font#" xmlns:exif="http://ns.adobe.com/exif/1.0" xmlns:dc="http://purl.org/dc/elements/1.1/">
      <rdf:Description dc:date="2024-12-18 12:32:09 AM" dc:source="Camtasia,21.0.11,enu" dc:title="module13_3" tscDM:firstFrame="module13_3_First_Frame.png" tscDM:originId="2D7B8636-3B64-4FBA-AD3C-C6FCBDD791C7" tscDM:project="module13_3">
         <xmpDM:duration xmpDM:scale="1/1000" xmpDM:value="381000"/>
         <xmpDM:videoFrameSize stDim:unit="pixel" stDim:h="590" stDim:w="1048"/>
         <tsc:langName>
            <rdf:Bag>
               <rdf:li xml:lang="en-US">English</rdf:li></rdf:Bag>
         </tsc:langName>
         <xmpDM:Tracks>
            <rdf:Bag>
               <rdf:li>
                  <rdf:Description xmpDM:trackType="Caption" xmpDM:frameRate="f1000" xmpDM:trackName="Captioning" stFnt:fontFamily="Arial" tscDM:fontSize="20" tscDM:bgOpacity="0.750000" tscDM:position="overlay">
                     <xmpDM:markers>
                        <rdf:Seq>
                           <rdf:li><rdf:Description xmpDM:duration="7000" xmpDM:startTime="0" tscDM:valign="bottom" tscDM:halign="center"><xmpDM:name><rdf:Alt><rdf:li xml:lang="en-US">{\rtf1 Trường học tập hợp người lớn, trẻ em và gia đình có nhiều tính cách, hoàn cảnh khác nhau,}</rdf:li></rdf:Alt></xmpDM:name></rdf:Description></rdf:li><rdf:li><rdf:Description xmpDM:duration="4000" xmpDM:startTime="7000" tscDM:valign="bottom" tscDM:halign="center"><xmpDM:name><rdf:Alt><rdf:li xml:lang="en-US">{\rtf1 độ tuổi, sở thích, giá trị và văn hóa.}</rdf:li></rdf:Alt></xmpDM:name></rdf:Description></rdf:li><rdf:li><rdf:Description xmpDM:duration="5000" xmpDM:startTime="11000" tscDM:valign="bottom" tscDM:halign="center"><xmpDM:name><rdf:Alt><rdf:li xml:lang="en-US">{\rtf1 Họ cùng nhau làm việc trong một môi trường đòi hỏi sự tương tác thường xuyên và liên tục.}</rdf:li></rdf:Alt></xmpDM:name></rdf:Description></rdf:li><rdf:li><rdf:Description xmpDM:duration="3000" xmpDM:startTime="16000" tscDM:valign="bottom" tscDM:halign="center"><xmpDM:name><rdf:Alt><rdf:li xml:lang="en-US">{\rtf1 Vấn đề là điều không thể tránh khỏi và không thể tránh khỏi.}</rdf:li></rdf:Alt></xmpDM:name></rdf:Description></rdf:li><rdf:li><rdf:Description xmpDM:duration="6000" xmpDM:startTime="19000" tscDM:valign="bottom" tscDM:halign="center"><xmpDM:name><rdf:Alt><rdf:li xml:lang="en-US">{\rtf1 Khi được xử lý hiệu quả, việc giải quyết vấn đề với người khác sẽ khuyến khích sự giao tiếp giữa các thành viên trong nhóm,}</rdf:li></rdf:Alt></xmpDM:name></rdf:Description></rdf:li><rdf:li><rdf:Description xmpDM:duration="8000" xmpDM:startTime="25000" tscDM:valign="bottom" tscDM:halign="center"><xmpDM:name><rdf:Alt><rdf:li xml:lang="en-US">{\rtf1 giúp các nhà giáo dục đạt được mục tiêu của họ, tìm kiếm sự sáng tạo trong việc giải quyết vấn đề và tăng cường sự tham gia và cam kết.}</rdf:li></rdf:Alt></xmpDM:name></rdf:Description></rdf:li><rdf:li><rdf:Description xmpDM:duration="4000" xmpDM:startTime="33000" tscDM:valign="bottom" tscDM:halign="center"><xmpDM:name><rdf:Alt><rdf:li xml:lang="en-US">{\rtf1 Các vấn đề giữa các cá nhân và trong toàn trường có thể gây ra xung đột giữa các cá nhân.}</rdf:li></rdf:Alt></xmpDM:name></rdf:Description></rdf:li><rdf:li><rdf:Description xmpDM:duration="5000" xmpDM:startTime="37000" tscDM:valign="bottom" tscDM:halign="center"><xmpDM:name><rdf:Alt><rdf:li xml:lang="en-US">{\rtf1 Tuy nhiên, mức độ xung đột hiện diện trong trường có ý nghĩa quan trọng.}</rdf:li></rdf:Alt></xmpDM:name></rdf:Description></rdf:li><rdf:li><rdf:Description xmpDM:duration="4000" xmpDM:startTime="42000" tscDM:valign="bottom" tscDM:halign="center"><xmpDM:name><rdf:Alt><rdf:li xml:lang="en-US">{\rtf1 Chọn từng mục để tìm hiểu thêm về những ý nghĩa đó.}</rdf:li></rdf:Alt></xmpDM:name></rdf:Description></rdf:li><rdf:li><rdf:Description xmpDM:duration="3000" xmpDM:startTime="46000" tscDM:valign="bottom" tscDM:halign="center"><xmpDM:name><rdf:Alt><rdf:li xml:lang="en-US">{\rtf1 }</rdf:li></rdf:Alt></xmpDM:name></rdf:Description></rdf:li><rdf:li><rdf:Description xmpDM:duration="3000" xmpDM:startTime="49000" tscDM:valign="bottom" tscDM:halign="center"><xmpDM:name><rdf:Alt><rdf:li xml:lang="en-US">{\rtf1 Khi nói đến việc quản lý các vấn đề giữa các cá nhân,}</rdf:li></rdf:Alt></xmpDM:name></rdf:Description></rdf:li><rdf:li><rdf:Description xmpDM:duration="5000" xmpDM:startTime="52000" tscDM:valign="bottom" tscDM:halign="center"><xmpDM:name><rdf:Alt><rdf:li xml:lang="en-US">{\rtf1 Việc xem xét các phong cách xung đột có thể giúp bạn điều chỉnh và đồng điều chỉnh cảm xúc với người khác.}</rdf:li></rdf:Alt></xmpDM:name></rdf:Description></rdf:li><rdf:li><rdf:Description xmpDM:duration="6000" xmpDM:startTime="57000" tscDM:valign="bottom" tscDM:halign="center"><xmpDM:name><rdf:Alt><rdf:li xml:lang="en-US">{\rtf1 Chuyên gia phân tích tổ chức Rahim đã xác định năm phong cách quản lý xung đột}</rdf:li></rdf:Alt></xmpDM:name></rdf:Description></rdf:li><rdf:li><rdf:Description xmpDM:duration="3000" xmpDM:startTime="63000" tscDM:valign="bottom" tscDM:halign="center"><xmpDM:name><rdf:Alt><rdf:li xml:lang="en-US">{\rtf1 dựa trên sự quan tâm của một cá nhân đối với bản thân và người khác.}</rdf:li></rdf:Alt></xmpDM:name></rdf:Description></rdf:li><rdf:li><rdf:Description xmpDM:duration="5000" xmpDM:startTime="66000" tscDM:valign="bottom" tscDM:halign="center"><xmpDM:name><rdf:Alt><rdf:li xml:lang="en-US">{\rtf1 Họ tránh né và ít quan tâm đến bản thân cũng như người khác.}</rdf:li></rdf:Alt></xmpDM:name></rdf:Description></rdf:li><rdf:li><rdf:Description xmpDM:duration="5000" xmpDM:startTime="71000" tscDM:valign="bottom" tscDM:halign="center"><xmpDM:name><rdf:Alt><rdf:li xml:lang="en-US">{\rtf1 Ablaging ít quan tâm đến bản thân nhưng lại quan tâm nhiều đến người khác.}</rdf:li></rdf:Alt></xmpDM:name></rdf:Description></rdf:li><rdf:li><rdf:Description xmpDM:duration="4000" xmpDM:startTime="76000" tscDM:valign="bottom" tscDM:halign="center"><xmpDM:name><rdf:Alt><rdf:li xml:lang="en-US">{\rtf1 Người thống trị chỉ quan tâm đến bản thân và ít quan tâm đến người khác.}</rdf:li></rdf:Alt></xmpDM:name></rdf:Description></rdf:li><rdf:li><rdf:Description xmpDM:duration="1000" xmpDM:startTime="80000" tscDM:valign="bottom" tscDM:halign="center"><xmpDM:name><rdf:Alt><rdf:li xml:lang="en-US">{\rtf1 }</rdf:li></rdf:Alt></xmpDM:name></rdf:Description></rdf:li><rdf:li><rdf:Description xmpDM:duration="3000" xmpDM:startTime="81000" tscDM:valign="bottom" tscDM:halign="center"><xmpDM:name><rdf:Alt><rdf:li xml:lang="en-US">{\rtf1 Hội nhập có sự quan tâm cao đến cả bản thân và người khác.}</rdf:li></rdf:Alt></xmpDM:name></rdf:Description></rdf:li><rdf:li><rdf:Description xmpDM:duration="6000" xmpDM:startTime="84000" tscDM:valign="bottom" tscDM:halign="center"><xmpDM:name><rdf:Alt><rdf:li xml:lang="en-US">{\rtf1 Và, sự thỏa hiệp có mức độ quan tâm vừa phải đến bản thân và người khác.}</rdf:li></rdf:Alt></xmpDM:name></rdf:Description></rdf:li><rdf:li><rdf:Description xmpDM:duration="3000" xmpDM:startTime="90000" tscDM:valign="bottom" tscDM:halign="center"><xmpDM:name><rdf:Alt><rdf:li xml:lang="en-US">{\rtf1 Chọn từng kiểu để biết thêm thông tin.}</rdf:li></rdf:Alt></xmpDM:name></rdf:Description></rdf:li><rdf:li><rdf:Description xmpDM:duration="7000" xmpDM:startTime="93000" tscDM:valign="bottom" tscDM:halign="center"><xmpDM:name><rdf:Alt><rdf:li xml:lang="en-US">{\rtf1 }</rdf:li></rdf:Alt></xmpDM:name></rdf:Description></rdf:li><rdf:li><rdf:Description xmpDM:duration="4000" xmpDM:startTime="100000" tscDM:valign="bottom" tscDM:halign="center"><xmpDM:name><rdf:Alt><rdf:li xml:lang="en-US">{\rtf1 Tùy theo tình hình, mọi người có thể thích nghi hoặc thay đổi phong cách quản lý xung đột của mình.}</rdf:li></rdf:Alt></xmpDM:name></rdf:Description></rdf:li><rdf:li><rdf:Description xmpDM:duration="3000" xmpDM:startTime="104000" tscDM:valign="bottom" tscDM:halign="center"><xmpDM:name><rdf:Alt><rdf:li xml:lang="en-US">{\rtf1 Dựa trên mô tả của từng phong cách quản lý xung đột,}</rdf:li></rdf:Alt></xmpDM:name></rdf:Description></rdf:li><rdf:li><rdf:Description xmpDM:duration="4000" xmpDM:startTime="107000" tscDM:valign="bottom" tscDM:halign="center"><xmpDM:name><rdf:Alt><rdf:li xml:lang="en-US">{\rtf1 Bạn sẽ mô tả phong cách chủ đạo hoặc phong cách ưa thích của mình như thế nào?}</rdf:li></rdf:Alt></xmpDM:name></rdf:Description></rdf:li><rdf:li><rdf:Description xmpDM:duration="3000" xmpDM:startTime="111000" tscDM:valign="bottom" tscDM:halign="center"><xmpDM:name><rdf:Alt><rdf:li xml:lang="en-US">{\rtf1 Chọn câu trả lời của bạn, sau đó chọn gửi.}</rdf:li></rdf:Alt></xmpDM:name></rdf:Description></rdf:li><rdf:li><rdf:Description xmpDM:duration="3000" xmpDM:startTime="114000" tscDM:valign="bottom" tscDM:halign="center"><xmpDM:name><rdf:Alt><rdf:li xml:lang="en-US">{\rtf1 Phản hồi của bạn sẽ không được chia sẻ với người khác.}</rdf:li></rdf:Alt></xmpDM:name></rdf:Description></rdf:li><rdf:li><rdf:Description xmpDM:duration="20000" xmpDM:startTime="117000" tscDM:valign="bottom" tscDM:halign="center"><xmpDM:name><rdf:Alt><rdf:li xml:lang="en-US">{\rtf1 }</rdf:li></rdf:Alt></xmpDM:name></rdf:Description></rdf:li><rdf:li><rdf:Description xmpDM:duration="13000" xmpDM:startTime="137000" tscDM:valign="bottom" tscDM:halign="center"><xmpDM:name><rdf:Alt><rdf:li xml:lang="en-US">{\rtf1 Nghiên cứu đã khám phá hiệu quả nhận thức của từng phong cách trong việc giải quyết xung đột,}</rdf:li></rdf:Alt></xmpDM:name></rdf:Description></rdf:li><rdf:li><rdf:Description xmpDM:duration="6000" xmpDM:startTime="150000" tscDM:valign="bottom" tscDM:halign="center"><xmpDM:name><rdf:Alt><rdf:li xml:lang="en-US">{\rtf1 và tính phù hợp của nó về mặt xây dựng, lịch sự, thân thiện và thích nghi.}</rdf:li></rdf:Alt></xmpDM:name></rdf:Description></rdf:li><rdf:li><rdf:Description xmpDM:duration="4000" xmpDM:startTime="156000" tscDM:valign="bottom" tscDM:halign="center"><xmpDM:name><rdf:Alt><rdf:li xml:lang="en-US">{\rtf1 Ví dụ, theo các nghiên cứu chính, những người tham gia coi}</rdf:li></rdf:Alt></xmpDM:name></rdf:Description></rdf:li><rdf:li><rdf:Description xmpDM:duration="3000" xmpDM:startTime="160000" tscDM:valign="bottom" tscDM:halign="center"><xmpDM:name><rdf:Alt><rdf:li xml:lang="en-US">{\rtf1 phong cách tránh né được coi là kém hiệu quả và không phù hợp nhất,}</rdf:li></rdf:Alt></xmpDM:name></rdf:Description></rdf:li><rdf:li><rdf:Description xmpDM:duration="4000" xmpDM:startTime="163000" tscDM:valign="bottom" tscDM:halign="center"><xmpDM:name><rdf:Alt><rdf:li xml:lang="en-US">{\rtf1 trong khi tích hợp là hiệu quả nhất và phù hợp nhất,}</rdf:li></rdf:Alt></xmpDM:name></rdf:Description></rdf:li><rdf:li><rdf:Description xmpDM:duration="4000" xmpDM:startTime="167000" tscDM:valign="bottom" tscDM:halign="center"><xmpDM:name><rdf:Alt><rdf:li xml:lang="en-US">{\rtf1 và phong cách thỏa hiệp thường được coi là trung tính.}</rdf:li></rdf:Alt></xmpDM:name></rdf:Description></rdf:li><rdf:li><rdf:Description xmpDM:duration="4000" xmpDM:startTime="171000" tscDM:valign="bottom" tscDM:halign="center"><xmpDM:name><rdf:Alt><rdf:li xml:lang="en-US">{\rtf1 Tùy vào từng tình huống, mỗi phong cách đều có những lợi ích và hạn chế riêng.}</rdf:li></rdf:Alt></xmpDM:name></rdf:Description></rdf:li><rdf:li><rdf:Description xmpDM:duration="4000" xmpDM:startTime="175000" tscDM:valign="bottom" tscDM:halign="center"><xmpDM:name><rdf:Alt><rdf:li xml:lang="en-US">{\rtf1 Chọn từng kiểu để biết thông tin chi tiết về ưu và nhược điểm.}</rdf:li></rdf:Alt></xmpDM:name></rdf:Description></rdf:li><rdf:li><rdf:Description xmpDM:duration="6000" xmpDM:startTime="179000" tscDM:valign="bottom" tscDM:halign="center"><xmpDM:name><rdf:Alt><rdf:li xml:lang="en-US">{\rtf1 }</rdf:li></rdf:Alt></xmpDM:name></rdf:Description></rdf:li><rdf:li><rdf:Description xmpDM:duration="6000" xmpDM:startTime="185000" tscDM:valign="bottom" tscDM:halign="center"><xmpDM:name><rdf:Alt><rdf:li xml:lang="en-US">{\rtf1 Điều gì sẽ xảy ra nếu bạn có vấn đề trong quan hệ giữa các cá nhân với người có phong cách quản lý xung đột khác với bạn?}</rdf:li></rdf:Alt></xmpDM:name></rdf:Description></rdf:li><rdf:li><rdf:Description xmpDM:duration="4000" xmpDM:startTime="191000" tscDM:valign="bottom" tscDM:halign="center"><xmpDM:name><rdf:Alt><rdf:li xml:lang="en-US">{\rtf1 Đầu tiên, hãy nghĩ về cách họ tiếp cận vấn đề và thứ hai,}</rdf:li></rdf:Alt></xmpDM:name></rdf:Description></rdf:li><rdf:li><rdf:Description xmpDM:duration="2000" xmpDM:startTime="195000" tscDM:valign="bottom" tscDM:halign="center"><xmpDM:name><rdf:Alt><rdf:li xml:lang="en-US">{\rtf1 luôn ghi nhớ mục tiêu giải quyết vấn đề.}</rdf:li></rdf:Alt></xmpDM:name></rdf:Description></rdf:li><rdf:li><rdf:Description xmpDM:duration="4000" xmpDM:startTime="197000" tscDM:valign="bottom" tscDM:halign="center"><xmpDM:name><rdf:Alt><rdf:li xml:lang="en-US">{\rtf1 Chúng ta đều có thể điều chỉnh phong cách của mình, ngay cả khi chúng ta có phong cách chủ đạo.}</rdf:li></rdf:Alt></xmpDM:name></rdf:Description></rdf:li><rdf:li><rdf:Description xmpDM:duration="5000" xmpDM:startTime="201000" tscDM:valign="bottom" tscDM:halign="center"><xmpDM:name><rdf:Alt><rdf:li xml:lang="en-US">{\rtf1 Ví dụ, nếu bạn có phong cách thống trị hơn, và người kia có phong cách né tránh hơn,}</rdf:li></rdf:Alt></xmpDM:name></rdf:Description></rdf:li><rdf:li><rdf:Description xmpDM:duration="4000" xmpDM:startTime="206000" tscDM:valign="bottom" tscDM:halign="center"><xmpDM:name><rdf:Alt><rdf:li xml:lang="en-US">{\rtf1 hãy kiên nhẫn và mời mọi người tích cực chia sẻ.}</rdf:li></rdf:Alt></xmpDM:name></rdf:Description></rdf:li><rdf:li><rdf:Description xmpDM:duration="5000" xmpDM:startTime="210000" tscDM:valign="bottom" tscDM:halign="center"><xmpDM:name><rdf:Alt><rdf:li xml:lang="en-US">{\rtf1 Nếu bạn dễ tính hơn, có thể bạn cần luyện tập cách thể hiện nhu cầu của mình và nói trực tiếp hơn.}</rdf:li></rdf:Alt></xmpDM:name></rdf:Description></rdf:li><rdf:li><rdf:Description xmpDM:duration="4000" xmpDM:startTime="215000" tscDM:valign="bottom" tscDM:halign="center"><xmpDM:name><rdf:Alt><rdf:li xml:lang="en-US">{\rtf1 Xem lại vấn đề bạn đã xác định ở phần đầu của mô-đun.}</rdf:li></rdf:Alt></xmpDM:name></rdf:Description></rdf:li><rdf:li><rdf:Description xmpDM:duration="3000" xmpDM:startTime="219000" tscDM:valign="bottom" tscDM:halign="center"><xmpDM:name><rdf:Alt><rdf:li xml:lang="en-US">{\rtf1 Bạn nghĩ phong cách xung đột của những người liên quan là gì?}</rdf:li></rdf:Alt></xmpDM:name></rdf:Description></rdf:li><rdf:li><rdf:Description xmpDM:duration="3000" xmpDM:startTime="222000" tscDM:valign="bottom" tscDM:halign="center"><xmpDM:name><rdf:Alt><rdf:li xml:lang="en-US">{\rtf1 Bạn sẽ điều chỉnh phong cách của mình như thế nào để luôn đạt được mục tiêu?}</rdf:li></rdf:Alt></xmpDM:name></rdf:Description></rdf:li><rdf:li><rdf:Description xmpDM:duration="3000" xmpDM:startTime="225000" tscDM:valign="bottom" tscDM:halign="center"><xmpDM:name><rdf:Alt><rdf:li xml:lang="en-US">{\rtf1 Nhập ý tưởng của bạn, sau đó chọn Gửi.}</rdf:li></rdf:Alt></xmpDM:name></rdf:Description></rdf:li><rdf:li><rdf:Description xmpDM:duration="14000" xmpDM:startTime="228000" tscDM:valign="bottom" tscDM:halign="center"><xmpDM:name><rdf:Alt><rdf:li xml:lang="en-US">{\rtf1 }</rdf:li></rdf:Alt></xmpDM:name></rdf:Description></rdf:li><rdf:li><rdf:Description xmpDM:duration="4000" xmpDM:startTime="242000" tscDM:valign="bottom" tscDM:halign="center"><xmpDM:name><rdf:Alt><rdf:li xml:lang="en-US">{\rtf1 Khi giải quyết vấn đề, điều quan trọng là phải kiểm soát được cảm xúc.}</rdf:li></rdf:Alt></xmpDM:name></rdf:Description></rdf:li><rdf:li><rdf:Description xmpDM:duration="7000" xmpDM:startTime="246000" tscDM:valign="bottom" tscDM:halign="center"><xmpDM:name><rdf:Alt><rdf:li xml:lang="en-US">{\rtf1 Thông thường, các vấn đề có thể gây ra những cảm xúc mạnh mẽ và bạn hoặc người khác có thể cần phải bình tĩnh lại trước khi giải quyết vấn đề.}</rdf:li></rdf:Alt></xmpDM:name></rdf:Description></rdf:li><rdf:li><rdf:Description xmpDM:duration="5000" xmpDM:startTime="253000" tscDM:valign="bottom" tscDM:halign="center"><xmpDM:name><rdf:Alt><rdf:li xml:lang="en-US">{\rtf1 Điều chỉnh cảm xúc là khả năng thay đổi cảm xúc, bao gồm cả giá trị và cường độ của chúng,}</rdf:li></rdf:Alt></xmpDM:name></rdf:Description></rdf:li><rdf:li><rdf:Description xmpDM:duration="3000" xmpDM:startTime="258000" tscDM:valign="bottom" tscDM:halign="center"><xmpDM:name><rdf:Alt><rdf:li xml:lang="en-US">{\rtf1 khi cần thiết để định hướng suy nghĩ và hành động của chúng ta nhằm đạt được mục tiêu.}</rdf:li></rdf:Alt></xmpDM:name></rdf:Description></rdf:li><rdf:li><rdf:Description xmpDM:duration="4000" xmpDM:startTime="261000" tscDM:valign="bottom" tscDM:halign="center"><xmpDM:name><rdf:Alt><rdf:li xml:lang="en-US">{\rtf1 Bạn có thể muốn hành động và giải quyết vấn đề một cách nhanh chóng.}</rdf:li></rdf:Alt></xmpDM:name></rdf:Description></rdf:li><rdf:li><rdf:Description xmpDM:duration="5000" xmpDM:startTime="265000" tscDM:valign="bottom" tscDM:halign="center"><xmpDM:name><rdf:Alt><rdf:li xml:lang="en-US">{\rtf1 Thay vào đó, hãy dừng lại và sử dụng cảm xúc để giúp bạn nhận biết những gì bạn cảm thấy và cần.}</rdf:li></rdf:Alt></xmpDM:name></rdf:Description></rdf:li><rdf:li><rdf:Description xmpDM:duration="5000" xmpDM:startTime="270000" tscDM:valign="bottom" tscDM:halign="center"><xmpDM:name><rdf:Alt><rdf:li xml:lang="en-US">{\rtf1 Điều này có thể giúp bạn đưa ra quyết định tốt hơn và tạo nên sự khác biệt trong cách bạn tương tác với người khác.}</rdf:li></rdf:Alt></xmpDM:name></rdf:Description></rdf:li><rdf:li><rdf:Description xmpDM:duration="4000" xmpDM:startTime="275000" tscDM:valign="bottom" tscDM:halign="center"><xmpDM:name><rdf:Alt><rdf:li xml:lang="en-US">{\rtf1 Ví dụ, bạn có thể tự hỏi, điều gì khiến tôi cảm thấy như vậy?}</rdf:li></rdf:Alt></xmpDM:name></rdf:Description></rdf:li><rdf:li><rdf:Description xmpDM:duration="6000" xmpDM:startTime="279000" tscDM:valign="bottom" tscDM:halign="center"><xmpDM:name><rdf:Alt><rdf:li xml:lang="en-US">{\rtf1 Liệu cách tôi phản ứng theo cảm xúc có giúp ích hay gây tổn hại đến quá trình giải quyết vấn đề hoặc mối quan hệ này không?}</rdf:li></rdf:Alt></xmpDM:name></rdf:Description></rdf:li><rdf:li><rdf:Description xmpDM:duration="21000" xmpDM:startTime="285000" tscDM:valign="bottom" tscDM:halign="center"><xmpDM:name><rdf:Alt><rdf:li xml:lang="en-US">{\rtf1 Việc đồng quản lý cảm xúc, trong đó việc quản lý cảm xúc với người khác và các nhóm, có thể giúp giải quyết vấn đề và nâng cao hiệu suất làm việc của nhóm.}</rdf:li></rdf:Alt></xmpDM:name></rdf:Description></rdf:li><rdf:li><rdf:Description xmpDM:duration="8000" xmpDM:startTime="306000" tscDM:valign="bottom" tscDM:halign="center"><xmpDM:name><rdf:Alt><rdf:li xml:lang="en-US">{\rtf1 Điều hòa cảm xúc bao gồm việc sử dụng các kỹ thuật thư giãn cùng nhau và chú ý đến cảm xúc và năng lượng trong phòng.}</rdf:li></rdf:Alt></xmpDM:name></rdf:Description></rdf:li><rdf:li><rdf:Description xmpDM:duration="5000" xmpDM:startTime="314000" tscDM:valign="bottom" tscDM:halign="center"><xmpDM:name><rdf:Alt><rdf:li xml:lang="en-US">{\rtf1 Ví dụ, nghỉ ngơi một chút, hít thở sâu hoặc thực hành chánh niệm.}</rdf:li></rdf:Alt></xmpDM:name></rdf:Description></rdf:li><rdf:li><rdf:Description xmpDM:duration="6000" xmpDM:startTime="319000" tscDM:valign="bottom" tscDM:halign="center"><xmpDM:name><rdf:Alt><rdf:li xml:lang="en-US">{\rtf1 Ví dụ, nghiên cứu đã chỉ ra rằng việc đi bộ cùng nhau có thể giúp giải quyết vấn đề dễ dàng hơn bằng cách,}</rdf:li></rdf:Alt></xmpDM:name></rdf:Description></rdf:li><rdf:li><rdf:Description xmpDM:duration="6000" xmpDM:startTime="325000" tscDM:valign="bottom" tscDM:halign="center"><xmpDM:name><rdf:Alt><rdf:li xml:lang="en-US">{\rtf1 khuyến khích tư duy có lợi cho sự hòa giải, thúc đẩy sự sáng tạo và tư duy khác biệt,}</rdf:li></rdf:Alt></xmpDM:name></rdf:Description></rdf:li><rdf:li><rdf:Description xmpDM:duration="4000" xmpDM:startTime="331000" tscDM:valign="bottom" tscDM:halign="center"><xmpDM:name><rdf:Alt><rdf:li xml:lang="en-US">{\rtf1 và hỗ trợ cảm giác tiến triển.}</rdf:li></rdf:Alt></xmpDM:name></rdf:Description></rdf:li><rdf:li><rdf:Description xmpDM:duration="9000" xmpDM:startTime="335000" tscDM:valign="bottom" tscDM:halign="center"><xmpDM:name><rdf:Alt><rdf:li xml:lang="en-US">{\rtf1 }</rdf:li></rdf:Alt></xmpDM:name></rdf:Description></rdf:li><rdf:li><rdf:Description xmpDM:duration="2000" xmpDM:startTime="344000" tscDM:valign="bottom" tscDM:halign="center"><xmpDM:name><rdf:Alt><rdf:li xml:lang="en-US">{\rtf1 Cảm ơn.}</rdf:li></rdf:Alt></xmpDM:name></rdf:Description></rdf:li><rdf:li><rdf:Description xmpDM:duration="28000" xmpDM:startTime="346000" tscDM:valign="bottom" tscDM:halign="center"><xmpDM:name><rdf:Alt><rdf:li xml:lang="en-US">{\rtf1 }</rdf:li></rdf:Alt></xmpDM:name></rdf:Description></rdf:li><rdf:li><rdf:Description xmpDM:duration="7000" xmpDM:startTime="374000" tscDM:valign="bottom" tscDM:halign="center"><xmpDM:name><rdf:Alt><rdf:li xml:lang="en-US">{\rtf1 .}</rdf:li></rdf:Alt></xmpDM:name></rdf:Description></rdf:li></rdf:Seq>
                     </xmpDM:markers>
                     <tsc:fgColor xmpG:red="255" xmpG:green="255" xmpG:blue="255"/><tsc:bgColor xmpG:red="0" xmpG:green="0" xmpG:blue="0"/></rdf:Description>
               </rdf:li>
               <rdf:li>
                  <rdf:Description xmpDM:trackType="Quiz" xmpDM:frameRate="f1000" xmpDM:trackName="Quiz" tscIQ:quizGuid="41D94548-E850-41BB-B468-49300F66495E" tscIQ:authoredEmail="V3W3mW6i0KzVJXr+3tdtvSGUr3RIC27LR0vFUjoCqIIilZW49jY58+2QEt32yDD/V+ZfBehCJNz8
mRIfpE0xll7ZZgCAltzf7U/n4iK1am/qTs7Hk0GcXGqShjNSXNLukjTaOW/08uf2feI0wepk8Luz
gmSZXcKgZjgYWMaTFpaVkps5zTHTQ3TbH8D/A+KGgdYSJqStOt2SC2MPqcrDsIUj0s803PgWsc6U
pTDveD/Ze8leoFPLZC9lWPoZkYW19cmIJ3ni0d4Fnbgjpb/HH1omp+P9WHqy8exBjD0YDGGw/XkD
U1BXHUnU2Dwe/Qh643R9/pzY4Padf25cbQtVVw==" tscIQ:requireUserId="0" tscIQ:locale="en-US" tscIQ:reportMethod="APIANDSCORM" tscIQ:allowSkipQuiz="0" tscIQ:clientId="E7885279-24D1-4E90-AF2A-EF9A7A4E075B" tscIQ:hideReplay="0" tscIQ:quizHash="b487fdf76c149ff94d75a3e4fcba84a7">
                     <xmpDM:markers>
                        <rdf:Seq>
                           <rdf:li><rdf:Description xmpDM:startTime="230967" tscIQ:feedback="1" tscIQ:questionSetName="Quiz 1"><tscIQ:questions><rdf:Seq><rdf:li><rdf:Description tscIQ:type="SHORT" tscIQ:id="0"><tscIQ:question>Hãy nhìn lại. Phong cách giải quyết xung đột của những người "? Làm thế nào bạn có thể điều chỉnh cách tiếp cận của mình để giải quyết vấn đề hiệu quả hơn? Nhập suy nghĩ của bạn; sau đó chọn Gửi.</tscIQ:question><tscIQ:correctAnswer/><tscIQ:answerArray/></rdf:Description></rdf:li></rdf:Seq></tscIQ:questions></rdf:Description></rdf:li></rdf:Seq>
                     </xmpDM:markers>
                     <tscIQ:QuizParams><rdf:Bag><rdf:li xmpDM:name="txtPrev" xmpDM:value="Previous"/><rdf:li xmpDM:name="txtNext" xmpDM:value="Next"/><rdf:li xmpDM:name="txtAnswerQuestion" xmpDM:value="Take Quiz Now"/><rdf:li xmpDM:name="txtSubmit" xmpDM:value="Submit Answers"/><rdf:li xmpDM:name="txtReview" xmpDM:value="Replay Last Section"/><rdf:li xmpDM:name="txtReviewAnswer" xmpDM:value="View Answers"/><rdf:li xmpDM:name="txtContinue" xmpDM:value="Continue"/></rdf:Bag></tscIQ:QuizParams></rdf:Description>
               </rdf:li>
            </rdf:Bag>
         </xmpDM:Tracks>
         <tscDM:controller>
            <rdf:Description xmpDM:name="tscplayer">
               <tscDM:parameters>
                  <rdf:Bag>
                     <rdf:li xmpDM:name="autohide" xmpDM:value="true"/><rdf:li xmpDM:name="autoplay" xmpDM:value="false"/><rdf:li xmpDM:name="loop" xmpDM:value="false"/><rdf:li xmpDM:name="searchable" xmpDM:value="true"/><rdf:li xmpDM:name="captionsenabled" xmpDM:value="false"/><rdf:li xmpDM:name="sidebarenabled" xmpDM:value="false"/><rdf:li xmpDM:name="unicodeenabled" xmpDM:value="false"/><rdf:li xmpDM:name="backgroundcolor" xmpDM:value="000000"/><rdf:li xmpDM:name="sidebarlocation" xmpDM:value="left"/><rdf:li xmpDM:name="endaction" xmpDM:value="stop"/><rdf:li xmpDM:name="endactionparam" xmpDM:value="true"/><rdf:li xmpDM:name="locale" xmpDM:value="en-US"/></rdf:Bag>
               </tscDM:parameters>
               <tscDM:controllerText>
                  <rdf:Bag>
                  </rdf:Bag>
               </tscDM:controllerText>
            </rdf:Description>
         </tscDM:controller>
         <tscDM:contentList>
            <rdf:Description>
               <tscDM:files>
                  <rdf:Seq>
                     <rdf:li xmpDM:name="0" xmpDM:value="module13_3.mp4"/><rdf:li xmpDM:name="1" xmpDM:value="module13_3.zip"/><rdf:li xmpDM:name="2" xmpDM:value="module13_3_First_Frame.png"/></rdf:Seq>
               </tscDM:files>
            </rdf:Description>
         </tscDM:contentList>
      </rdf:Description>
   </rdf:RDF>
</x:xmpmeta>